Workbook

Sheet 原始数据
A1: 投资配置数据
A2: 来源：用户提供的截图；原值未标注单位。占比＝原始数值÷已填写数值合计。
A4: 原图大类 | B4: 投资品种 | C4: 原始数值 | D4: 制图大类 | E4: 占已填合计 | F4: 说明 | G4: 色号 | I4: 制图大类 | J4: 合计 | K4: 占比 | L4: 饼图标签 | M4: 饼图数值
A5: 科技 | B5: 海力士 | C5: 6 | D5: 科技 | E5: =IF(C5="","",C5/$C$18) -> 0.076433121 | G5: #2563EB | I5: 科技 | J5: =SUMIF(D5:D17,I5,C5:C17) -> 13.5 | K5: =J5/$C$18 -> 0.17197452 | L5: =I5&" "&TEXT(K5,"0.00%")&CHAR(10)&"海力士 "&IF(C5="","待补充",TEXT(E5,"0.00%"))&CHAR(10)&"台积电 "&IF(C6="","待补充",TEXT(E6,"0.00%"))&CHAR(10)&"中芯国际 "&IF(C7="","待补充",TEXT(E7,"0.00%"))&CHAR(10)&"科创50ETF "&IF(C8="","待补充",TEXT(E8,"0.00%")) -> 科技 17.20% 海力士 7.64% 台积电 1.27% 中芯国际 0.00% 科创50ETF 8.28% | M5: =J5 -> 13.5
B6: 台积电 | C6: 1 | D6: 科技 | E6: =IF(C6="","",C6/$C$18) -> 0.012738854 | F6: 用户补充：1 | G6: #93C5FD | I6: 有色 | J6: =SUMIF(D5:D17,I6,C5:C17) -> 30.6 | K6: =J6/$C$18 -> 0.38980892 | L6: =I6&" "&TEXT(K6,"0.00%")&CHAR(10)&"山金国际 "&IF(C9="","待补充",TEXT(E9,"0.00%"))&CHAR(10)&"中矿资源 "&IF(C10="","待补充",TEXT(E10,"0.00%"))&CHAR(10)&"紫金矿业 "&IF(C11="","待补充",TEXT(E11,"0.00%"))&CHAR(10)&"中国铝业 "&IF(C12="","待补充",TEXT(E12,"0.00%")) -> 有色 38.98% 山金国际 17.20% 中矿资源 10.83% 紫金矿业 8.41% 中国铝业 2.55% | M6: =J6 -> 30.6
B7: 中芯国际 | C7: 0 | D7: 科技 | E7: =IF(C7="","",C7/$C$18) -> 0 | G7: #60A5FA | I7: 锂矿 | J7: =SUMIF(D5:D17,I7,C5:C17) -> 2.4 | K7: =J7/$C$18 -> 0.030573248 | L7: =I7&" "&TEXT(K7,"0.00%")&CHAR(10)&"赣锋 "&IF(C13="","待补充",TEXT(E13,"0.00%"))&CHAR(10)&"天齐 "&IF(C14="","待补充",TEXT(E14,"0.00%"))&CHAR(10)&"融捷股份 "&IF(C15="","待补充",TEXT(E15,"0.00%"))&CHAR(10)&"港股赣锋 "&IF(C16="","待补充",TEXT(E16,"0.00%")) -> 锂矿 3.06% 赣锋 0.51% 天齐 0.51% 融捷股份 0.76% 港股赣锋 1.27% | M7: =J7 -> 2.4
B8: 科创50ETF | C8: 6.5 | D8: 科技 | E8: =IF(C8="","",C8/$C$18) -> 0.082802548 | G8: #1E40AF | I8: 现金 | J8: =SUMIF(D5:D17,I8,C5:C17) -> 32 | K8: =J8/$C$18 -> 0.40764331 | L8: =I8&" "&TEXT(K8,"0.00%") -> 现金 40.76% | M8: =J8 -> 32
A9: 有色 | B9: 山金国际 | C9: 13.5 | D9: 有色 | E9: =IF(C9="","",C9/$C$18) -> 0.17197452 | G9: #D97706
B10: 中矿资源 | C10: 8.5 | D10: 有色 | E10: =IF(C10="","",C10/$C$18) -> 0.10828025 | G10: #FBBF24
B11: 紫金矿业 | C11: 6.6 | D11: 有色 | E11: =IF(C11="","",C11/$C$18) -> 0.084076433 | G11: #F59E0B
B12: 中国铝业 | C12: 2 | D12: 有色 | E12: =IF(C12="","",C12/$C$18) -> 0.025477707 | G12: #FDE68A | I12: 图表品种标签 | J12: 制图数值
A13: 锂矿 | B13: 赣锋 | C13: 0.4 | D13: 锂矿 | E13: =IF(C13="","",C13/$C$18) -> 0.0050955414 | G13: #059669 | I13: =IF(B5="",A5,B5) -> 海力士 | J13: =IF(C5="","",C5) -> 6
B14: 天齐 | C14: 0.4 | D14: 锂矿 | E14: =IF(C14="","",C14/$C$18) -> 0.0050955414 | G14: #34D399 | I14: =IF(B6="",A6,B6) -> 台积电 | J14: =IF(C6="","",C6) -> 1
B15: 融捷股份 | C15: 0.6 | D15: 锂矿 | E15: =IF(C15="","",C15/$C$18) -> 0.0076433121 | G15: #A7F3D0 | I15: =IF(B7="",A7,B7) -> 中芯国际 | J15: =IF(C7="","",C7) -> 0
B16: 港股赣锋 | C16: 1 | D16: 锂矿 | E16: =IF(C16="","",C16/$C$18) -> 0.012738854 | F16: 按用户确认归入锂矿 | G16: #10B981 | I16: =IF(B8="",A8,B8) -> 科创50ETF | J16: =IF(C8="","",C8) -> 6.5
A17: 现金 | C17: 32 | D17: 现金 | E17: =IF(C17="","",C17/$C$18) -> 0.40764331 | F17: 制图品种名使用“现金” | G17: #64748B | I17: =IF(B9="",A9,B9) -> 山金国际 | J17: =IF(C9="","",C9) -> 13.5
A18: 已填写合计 | C18: =SUM(C5:C17) -> 78.5 | E18: =SUM(E5:E17) -> 1 | I18: =IF(B10="",A10,B10) -> 中矿资源 | J18: =IF(C10="","",C10) -> 8.5
I19: =IF(B11="",A11,B11) -> 紫金矿业 | J19: =IF(C11="","",C11) -> 6.6
A20: 分类：中矿资源、紫金矿业、中国铝业按“有色”归组；赣锋、天齐、融捷股份按“锂矿”归组。 | I20: =IF(B12="",A12,B12) -> 中国铝业 | J20: =IF(C12="","",C12) -> 2
A21: 用户补充：台积电为1，“港股”改为“港股赣锋”并归入锂矿。占比以所列数值合计为分母。 | I21: =IF(B13="",A13,B13) -> 赣锋 | J21: =IF(C13="","",C13) -> 0.4
A22: 修改C列数值后占比与图表更新。改色：选中色块 → 设置数据点格式 → 填充。 | I22: =IF(B14="",A14,B14) -> 天齐 | J22: =IF(C14="","",C14) -> 0.4
I23: =IF(B15="",A15,B15) -> 融捷股份 | J23: =IF(C15="","",C15) -> 0.6
I24: =IF(B16="",A16,B16) -> 港股赣锋 | J24: =IF(C16="","",C16) -> 1
I25: =IF(B17="",A17,B17) -> 现金 | J25: =IF(C17="","",C17) -> 32

Sheet 饼形图
A1: 投资配置占比
A2: 四大类分色，色块内列出具体标的；各标的百分比均为占已填写数据合计的比例。
A3: ="按所列数值合计"&TEXT(原始数据!C18,"0.0#")&"计算；港股赣锋归入锂矿。" -> 按所列数值合计78.5计算；港股赣锋归入锂矿。
L5: 大类 | M5: 投资品种 | N5: 原值 | O5: 占比
L6: =原始数据!D5 -> 科技 | M6: =原始数据!I13 -> 海力士 | N6: =IF(原始数据!C5="","",原始数据!C5) -> 6 | O6: =IF(原始数据!E5="","",原始数据!E5) -> 0.076433121
L7: =原始数据!D6 -> 科技 | M7: =原始数据!I14 -> 台积电 | N7: =IF(原始数据!C6="","",原始数据!C6) -> 1 | O7: =IF(原始数据!E6="","",原始数据!E6) -> 0.012738854
L8: =原始数据!D7 -> 科技 | M8: =原始数据!I15 -> 中芯国际 | N8: =IF(原始数据!C7="","",原始数据!C7) -> 0 | O8: =IF(原始数据!E7="","",原始数据!E7) -> 0
L9: =原始数据!D8 -> 科技 | M9: =原始数据!I16 -> 科创50ETF | N9: =IF(原始数据!C8="","",原始数据!C8) -> 6.5 | O9: =IF(原始数据!E8="","",原始数据!E8) -> 0.082802548
L10: =原始数据!D9 -> 有色 | M10: =原始数据!I17 -> 山金国际 | N10: =IF(原始数据!C9="","",原始数据!C9) -> 13.5 | O10: =IF(原始数据!E9="","",原始数据!E9) -> 0.17197452
L11: =原始数据!D10 -> 有色 | M11: =原始数据!I18 -> 中矿资源 | N11: =IF(原始数据!C10="","",原始数据!C10) -> 8.5 | O11: =IF(原始数据!E10="","",原始数据!E10) -> 0.10828025
L12: =原始数据!D11 -> 有色 | M12: =原始数据!I19 -> 紫金矿业 | N12: =IF(原始数据!C11="","",原始数据!C11) -> 6.6 | O12: =IF(原始数据!E11="","",原始数据!E11) -> 0.084076433
L13: =原始数据!D12 -> 有色 | M13: =原始数据!I20 -> 中国铝业 | N13: =IF(原始数据!C12="","",原始数据!C12) -> 2 | O13: =IF(原始数据!E12="","",原始数据!E12) -> 0.025477707
L14: =原始数据!D13 -> 锂矿 | M14: =原始数据!I21 -> 赣锋 | N14: =IF(原始数据!C13="","",原始数据!C13) -> 0.4 | O14: =IF(原始数据!E13="","",原始数据!E13) -> 0.0050955414
L15: =原始数据!D14 -> 锂矿 | M15: =原始数据!I22 -> 天齐 | N15: =IF(原始数据!C14="","",原始数据!C14) -> 0.4 | O15: =IF(原始数据!E14="","",原始数据!E14) -> 0.0050955414
L16: =原始数据!D15 -> 锂矿 | M16: =原始数据!I23 -> 融捷股份 | N16: =IF(原始数据!C15="","",原始数据!C15) -> 0.6 | O16: =IF(原始数据!E15="","",原始数据!E15) -> 0.0076433121
L17: =原始数据!D16 -> 锂矿 | M17: =原始数据!I24 -> 港股赣锋 | N17: =IF(原始数据!C16="","",原始数据!C16) -> 1 | O17: =IF(原始数据!E16="","",原始数据!E16) -> 0.012738854
L18: =原始数据!D17 -> 现金 | M18: =原始数据!I25 -> 现金 | N18: =IF(原始数据!C17="","",原始数据!C17) -> 32 | O18: =IF(原始数据!E17="","",原始数据!E17) -> 0.40764331
L21: 大类汇总 | M21: 数值 | N21: 占比
L22: =原始数据!I5 -> 科技 | M22: =原始数据!J5 -> 13.5 | N22: =原始数据!K5 -> 0.17197452
L23: =原始数据!I6 -> 有色 | M23: =原始数据!J6 -> 30.6 | N23: =原始数据!K6 -> 0.38980892
L24: =原始数据!I7 -> 锂矿 | M24: =原始数据!J7 -> 2.4 | N24: =原始数据!K7 -> 0.030573248
L25: =原始数据!I8 -> 现金 | M25: =原始数据!J8 -> 32 | N25: =原始数据!K8 -> 0.40764331
A35: 锂矿扇区较小，标的名称用同色引线标注；所有比例按原始数值计算，未放大扇区。
